<?xml version="1.0" encoding="UTF-8"?>

<!--
 *******************************************************************************
 * Copyright (c) 2014 Atos.
 * All rights reserved. This program and the accompanying materials
 * are made available under the terms of the Eclipse Public License v1.0
 * which accompanies this distribution, and is available at
 * http://www.eclipse.org/legal/epl-v10.html
 *
 * Contributors:
 * 	Burak Karaboga (Atos) - main development
 * 	Initially developed in the context of ARTIST EU project www.artist-project.eu
 *******************************************************************************
 -->

<!-- 
	All the migration strategies available in TFT are defined in this xml file. Each strategy has an ID, a text value for name, a category and complexity of
	unknown value is assigned to it. 
	
	TODO: Short descriptions for each strategy. 
 -->
 
 <!--  Daemon : GAE : Background Thread API -->

<MigrationStrategies>

	<!-- ###########################################  APPLICATION  ############################################# -->
	
	<!-- ///////////////////////// GAE //////////////////////////// -->
	<MigrationStrategy> 
		<id>NAMESPACES</id>
		<text>Adopt GAE Namespaces API</text>
		<description>This API enables the hosting and administration of multitenant applications on GAE.</description>
		<category>APPLICATION</category>
		<complexity>UNKNOWN</complexity>
	</MigrationStrategy>
	
	<MigrationStrategy>
		<id>SEARCH</id>
		<text>Adopt Google Search</text>
		<description>This service offers the ability of performing search over structured data.</description>
		<category>APPLICATION</category>
		<complexity>UNKNOWN</complexity>
	</MigrationStrategy>
	
	<MigrationStrategy>
		<id>PSEARCH</id>
		<text>Adopt Prospective Search</text>
		<description>This querying service enables registering queries and matching them against real-time data streams.</description>
		<category>APPLICATION</category>
		<complexity>UNKNOWN</complexity>
	</MigrationStrategy>
	
	<MigrationStrategy>
		<id>OAUTH</id>
		<text>Adopt OAuth API</text>
		<description>This service uses OAuth protocol for granting a third party limited permission to access a web application on behalf of the user.</description>
		<category>APPLICATION</category>
		<complexity>UNKNOWN</complexity>
	</MigrationStrategy>
	
	<MigrationStrategy>
		<id>CAPABILITIES</id>
		<text>Adopt Capabilities API</text>
		<description>This API serves for detecting other services availabilities and thus bypassing them.</description>
		<category>APPLICATION</category>
		<complexity>UNKNOWN</complexity>
	</MigrationStrategy>
	
	<MigrationStrategy>
		<id>IMAGE</id>
		<text>Adopt Image Service</text>
		<description>This service offers basic transformations on image data such as, resize, rotate, flip, crop etc.</description>
		<category>APPLICATION</category>
		<complexity>UNKNOWN</complexity>
	</MigrationStrategy>
	
	<MigrationStrategy>
		<id>GCE</id>
		<text>Adopt Google Cloud Endpoints</text>
		<description>This service makes it possible to develop API backends to allow and simplify the access of data in cloud by applications outside the cloud</description>
		<category>APPLICATION</category>
		<complexity>UNKNOWN</complexity>
	</MigrationStrategy>
	
	<!-- ///////////////////////// AMAZON //////////////////////////// -->
	
	<MigrationStrategy>
		<id>AUTOS</id>
		<text>Adopt Amazon Auto Scaling</text>
		<description>This web service scales up or down the selected EC2 instances when the conditions have been met.</description>
		<category>APPLICATION</category>
		<complexity>UNKNOWN</complexity>
	</MigrationStrategy>
	
	<MigrationStrategy>
		<id>ELASTICLB</id>
		<text>Adopt Elastic Load Balancing</text>
		<description>This service is responsible for automatically distributing incoming traffic across multiple EC2 instances.</description>
		<category>APPLICATION</category>
		<complexity>UNKNOWN</complexity>
	</MigrationStrategy>
	
	<MigrationStrategy>
		<id>CLOUDFRONT</id>
		<text>Migrate to CloudFront</text>
		<description>Distributes dynamic, static or streaming content to multiple locations using a global network of edge locations.</description>
		<category>APPLICATION</category>
		<complexity>UNKNOWN</complexity>
	</MigrationStrategy>
	
	<MigrationStrategy>
		<id>IAM</id>
		<text>Adopt Identity and Access Management</text>
		<description>This service securely administrates access of users on services and resources. </description>
		<category>APPLICATION</category>
		<complexity>UNKNOWN</complexity>
	</MigrationStrategy>
	
	<MigrationStrategy>
		<id>CLOUDWATCH</id>
		<text>Adopt CloudWatch</text>
		<description>This service is responsible for monitoring most of the EC2 services.</description>
		<category>APPLICATION</category>
		<complexity>UNKNOWN</complexity>
	</MigrationStrategy>
	
	<MigrationStrategy>
		<id>DATAPIPELINE</id>
		<text>Adopt Data Pipeline</text>
		<description>This service allows facilitating data process and transfer between different AWS services or on-premises datasources.</description>
		<category>APPLICATION</category>
		<complexity>UNKNOWN</complexity>
	</MigrationStrategy>
	
	<MigrationStrategy>
		<id>SWS</id>
		<text>Adopt Simple Workflow Service</text>
		<description>This service allows workflow management, coordination of tasks structured as processing steps, control of task-host assignments, monitoring of workflow execution.</description>
		<category>APPLICATION</category>
		<complexity>UNKNOWN</complexity>
	</MigrationStrategy>
	
	<MigrationStrategy>
		<id>CLOUDSEARCH</id>
		<text>Adopt CloudSearch</text>
		<description>This service provides high throughput and low latency search over large data collections.</description>
		<category>APPLICATION</category>
		<complexity>UNKNOWN</complexity>
	</MigrationStrategy>
	
	<MigrationStrategy>
		<id>HYPERVISOR</id>
		<text>Adopt AWS Hypervisor</text>
		<description>Rely on AWS hypervisor to provide isolation between tenants.</description>
		<category>APPLICATION</category>
		<complexity>UNKNOWN</complexity>
	</MigrationStrategy>
	
	<!--  Elastic Transcoder -->
	
	<!-- ///////////////////////// AZURE //////////////////////////// -->
	<MigrationStrategy>
		<id>AZUREAUTOSCALING</id>
		<text>Adopt Azure auto scaling</text>
		<description>User Azure Management Portal/Azure Diagnostics for: i) Setting monitoring parameter values as thresholds for triggering automatic scaling. ii) Monitor performance parameters, configure autoscaling policy details, set autoscaling thresholds and/or desired performance rates.</description>
		<category>APPLICATION</category>
		<complexity>UNKNOWN</complexity>
	</MigrationStrategy>
	
	<MigrationStrategy>
		<id>ACTIVEDIRECTORY</id>
		<text>Adopt Azure Active Directory</text>
		<description>Provides identity service for on-premises and cloud applications, offering access control and administration. Rely on Active Directory to provide isolation between tenants.</description>
		<category>APPLICATION</category>
		<complexity>UNKNOWN</complexity>
	</MigrationStrategy>
	
	<MigrationStrategy>
		<id>AZURESB</id>
		<text>Adopt Azure Service Bus</text>
		<description>Enable throttling pattern to automate the management of consumed application resources</description>
		<category>APPLICATION</category>
		<complexity>UNKNOWN</complexity>
	</MigrationStrategy>
	
	<!-- ###########################################  VIEW  #################################################### -->
	<MigrationStrategy>
		<id>GWT</id>
		<text>Migrate to GWT</text>
		<description>GWT is a set of tools that allows web developers to create and maintain complex JavaScript front-end applications in Java.</description>
		<category>VIEW</category>
		<complexity>UNKNOWN</complexity>
	</MigrationStrategy>

	<MigrationStrategy>
		<id>EXTJS</id>
		<text>Migrate to ExtJS</text>
		<description>Ext JS is a pure JavaScript application framework for building interactive web applications[1] using techniques such as Ajax, DHTML and DOM scripting.</description>
		<category>VIEW</category>
		<complexity>UNKNOWN</complexity>
	</MigrationStrategy>

	<!-- ###########################################  FRAMEWORK  ############################################### -->
	<MigrationStrategy>
		<id>SPRING</id>
		<text>Migrate to Spring</text>
		<description>The Spring Framework is an open source application framework and inversion of control container for the Java platform.</description>
		<category>FRAMEWORK</category>
		<complexity>UNKNOWN</complexity>
	</MigrationStrategy>
	
	<MigrationStrategy>
		<id>STRUTS</id>
		<text>Migrate to Struts</text>
		<description>Apache Struts is an open-source web application framework for developing Java EE web applications.</description>
		<category>FRAMEWORK</category>
		<complexity>UNKNOWN</complexity>
	</MigrationStrategy>
	
	<MigrationStrategy>
		<id>PLAY</id>
		<text>Migrate to Google Play</text>
		<description>Play is an open source web application framework, written in Scala and Java, which follows the model–view–controller (MVC) architectural pattern.</description>
		<category>FRAMEWORK</category>
		<complexity>UNKNOWN</complexity>
	</MigrationStrategy>
	
	<MigrationStrategy>
		<id>DRUPAL</id>
		<text>Migrate to Drupal</text>
		<description>Drupal is a free and open-source content management framework written in PHP</description>
		<category>FRAMEWORK</category>
		<complexity>UNKNOWN</complexity>
	</MigrationStrategy>
	
	<MigrationStrategy>
		<id>ASP_MVC</id>
		<text>Migrate to ASP.NET MVC</text>
		<description>Based on ASP.NET, ASP.NET MVC (a.k.a. ASP.NET Web API) allows software developers to build a web application as a composition of three roles: Model, View and Controller.</description>
		<category>FRAMEWORK</category>
		<complexity>UNKNOWN</complexity>
	</MigrationStrategy>
	
	<MigrationStrategy>
		<id>ASP</id>
		<text>Migrate to ASP.NET</text>
		<description>ASP.NET is a server-side Web application framework designed for Web development to produce dynamic Web pages.</description>
		<category>VIEW</category>
		<complexity>UNKNOWN</complexity>
	</MigrationStrategy>
	
	<!-- ###########################################  DATA  #################################################### -->
	<MigrationStrategy>
		<id>CLOUD_SQL</id>
		<text>Migrate to Google Cloud SQL</text>
		<description> </description>
		<category>DATA</category>
		<complexity>UNKNOWN</complexity>
	</MigrationStrategy>
	
	<MigrationStrategy>
		<id>HRD</id>
		<text>Migrate to HRD</text>
		<description> </description>
		<category>DATA</category>
		<complexity>UNKNOWN</complexity>
	</MigrationStrategy>
	
	<MigrationStrategy>
		<id>GCS</id>
		<text>Migrate to Google Cloud Storage</text>
		<description> </description>
		<category>DATA</category>
		<complexity>UNKNOWN</complexity>
	</MigrationStrategy>
	
	<MigrationStrategy>
		<id>MONGO</id>
		<text>Migrate to MongoDB</text>
		<description> </description>
		<category>DATA</category>
		<complexity>UNKNOWN</complexity>
	</MigrationStrategy>
	
	<MigrationStrategy>
		<id>AZURE_SQL</id>
		<text>Migrate to Windows Azure SQL</text>
		<description>Azure SQL Database provides a cloud-based relational database platform using SQL Server technologies.</description>
		<category>DATA</category>
		<complexity>UNKNOWN</complexity>
	</MigrationStrategy>
	
	<MigrationStrategy>
		<id>DYNAMO</id>
		<text>Migrate to DynamoDB</text>
		<description> </description>
		<category>DATA</category>
		<complexity>UNKNOWN</complexity>
	</MigrationStrategy>
	
	<MigrationStrategy>
		<id>RDS</id>
		<text>Migrate to Amazon RDS</text>
		<description> </description>
		<category>DATA</category>
		<complexity>UNKNOWN</complexity>
	</MigrationStrategy>
	
	<MigrationStrategy>
		<id>S3</id>
		<text>Migrate to Amazon S3</text>
		<description> </description>
		<category>DATA</category>
		<complexity>UNKNOWN</complexity>
	</MigrationStrategy>
	
	<MigrationStrategy>
		<id>GLACIER</id>
		<text>Migrate to Amazon Glacier</text>
		<description> </description>
		<category>DATA</category>
		<complexity>UNKNOWN</complexity>
	</MigrationStrategy>
	
	<MigrationStrategy>
		<id>BLOCK</id>
		<text>Migrate to Amazon Elastic Block Storage</text>
		<description> </description>
		<category>DATA</category>
		<complexity>UNKNOWN</complexity>
	</MigrationStrategy>
	
	<MigrationStrategy>
		<id>BSS</id>
		<text>Migrate to Azure BLOB Storage Service</text>
		<description> </description>
		<category>DATA</category>
		<complexity>UNKNOWN</complexity>
	</MigrationStrategy>
	
	<MigrationStrategy>
		<id>HADOOP</id>
		<text>Migrate to Apache Hadoop</text>
		<description>Use MadReduce pattern in order to improve the processing of big data, using multiple available parallel-running nodes</description>
		<category>DATA</category>
		<complexity>UNKNOWN</complexity>
	</MigrationStrategy>
	
	<MigrationStrategy>
		<id>HDINSIGHT</id>
		<text>Migrate to Azure HDInsight</text>
		<description>Use MadReduce pattern in order to improve the processing of big data, using multiple available parallel-running nodes</description>
		<category>DATA</category>
		<complexity>UNKNOWN</complexity>
	</MigrationStrategy>
	
	<MigrationStrategy>
		<id>AZUSQLDBSHARDING</id>
		<text>Sharding using Azure SQL Database</text>
		<description>Improve database query capability sharding your data through horizontal scaling</description>
		<category>DATA</category>
		<complexity>UNKNOWN</complexity>
	</MigrationStrategy>
	
	<MigrationStrategy>
		<id>DSSHARECOUNTERS</id>
		<text>Sharding using GAE Datastore Share Counters</text>
		<description>Improve database query capability sharding your data through horizontal scaling</description>
		<category>DATA</category>
		<complexity>UNKNOWN</complexity>
	</MigrationStrategy>
	
	<MigrationStrategy>
		<id>AZUSQLDBSHARDING</id>
		<text>Sharding using Azure SQL Database</text>
		<description>Improve database query capability sharding your data through horizontal scaling</description>
		<category>DATA</category>
		<complexity>UNKNOWN</complexity>
	</MigrationStrategy>
	
	<MigrationStrategy>
		<id>AWSRDSSHARDING</id>
		<text>Sharding using Amazon RDS</text>
		<description>Improve database query capability sharding your data through horizontal scaling</description>
		<category>DATA</category>
		<complexity>UNKNOWN</complexity>
	</MigrationStrategy>
	
	<MigrationStrategy>
		<id>CQRS</id>
		<text>Apply CQRS pattern to data access</text>
		<description>Segregate read from write data operations using CQRS pattern</description>
		<category>DATA</category>
		<complexity>HIGH</complexity>
	</MigrationStrategy>
	
	<MigrationStrategy>
		<id>EVENTSOURCE</id>
		<text>Apply Event Sourcing pattern to data access</text>
		<description>The Event Sourcing pattern defines an approach to handling operations on data that is driven by a sequence of events, each of which is recorded in an append-only store</description>
		<category>DATA</category>
		<complexity>HIGH</complexity>
	</MigrationStrategy>
	
	<!-- Storage Gateway? Application level or data? -->
	
	<MigrationStrategy>
		<id>REDSHIFT</id>
		<text>Migrate to Amazon Redshift</text>
		<description> </description>
		<category>DATA</category>
		<complexity>UNKNOWN</complexity>
	</MigrationStrategy>
	
	<MigrationStrategy>
		<id>MAPREDUCE</id>
		<text>Migrate to Amazon Elastic MapReduce</text>
		<description>Use MadReduce pattern in order to improve the processing of big data, using multiple available parallel-running nodes</description>
		<category>DATA</category>
		<complexity>UNKNOWN</complexity>
	</MigrationStrategy>
	
	<!-- ###########################################  NETWORK #################################################### -->
	
	<MigrationStrategy>
		<id>ROUTE53</id>
		<text>Adopt Amazon Route 53</text>
		<description> </description>
		<category>NETWORK</category>
		<complexity>UNKNOWN</complexity>
	</MigrationStrategy>
	
	<MigrationStrategy>
		<id>AVPC</id>
		<text>Adopt Amazon Virtual Private Cloud</text>
		<description> </description>
		<category>NETWORK</category>
		<complexity>UNKNOWN</complexity>
	</MigrationStrategy>
	
	<MigrationStrategy>
		<id>ADC</id>
		<text>Adopt Amazon Direct Connect</text>
		<description> </description>
		<category>NETWORK</category>
		<complexity>UNKNOWN</complexity>
	</MigrationStrategy>
	
	<MigrationStrategy>
		<id>CDN</id>
		<text>Adopt Azure Content Delivery Network</text>
		<description> </description>
		<category>NETWORK</category>
		<complexity>UNKNOWN</complexity>
	</MigrationStrategy>
	
	<MigrationStrategy>
		<id>AVN</id>
		<text>Adopt Azure Virtual Network</text>
		<description> </description>
		<category>NETWORK</category>
		<complexity>UNKNOWN</complexity>
	</MigrationStrategy>
	
	<!-- ###########################################  QUEUE #################################################### -->
	
	<MigrationStrategy>
		<id>TQA</id>
		<text>Migrate to Task Queue API</text>
		<description>Enable auto-scaling or throttling patterns to automate the management of consumed application resources</description>
		<category>QUEUE</category>
		<complexity>UNKNOWN</complexity>
	</MigrationStrategy>
	
	<MigrationStrategy>
		<id>SQS</id>
		<text>Migrate to Amazon Simple Query Service</text>
		<description>Enable throttling pattern to automate the management of consumed application resources</description>
		<category>QUEUE</category>
		<complexity>UNKNOWN</complexity>
	</MigrationStrategy>
	
	<!-- ###########################################  VISUALIZATION ############################################ -->
	<MigrationStrategy>
		<id>DIAGRAMO</id>
		<text>Migrate to DIAGRAMO</text>
		<description> </description>
		<category>VISUALIZATION</category>
		<complexity>UNKNOWN</complexity>
	</MigrationStrategy>
	
	<!-- ###########################################  LOGGING ############################################ -->
	<MigrationStrategy>
		<id>LOG4NET</id>
		<text>Migrate to Log4Net</text>
		<description> </description>
		<category>LOGGING</category>
		<complexity>UNKNOWN</complexity>
	</MigrationStrategy>
	
	<!-- ###########################################  PERFORMANCE ############################################## -->
	<MigrationStrategy>
		<id>MEMCACHE</id>
		<text>Migrate to MemCache</text>
		<description> </description>
		<category>PERFORMANCE</category>
		<complexity>UNKNOWN</complexity>
	</MigrationStrategy>
	
	<MigrationStrategy>
		<id>ELASTICACHE</id>
		<text>Migrate to ElastiCache</text>
		<description> </description>
		<category>PERFORMANCE</category>
		<complexity>UNKNOWN</complexity>
	</MigrationStrategy>
	
	<MigrationStrategy>
		<id>AZURECACHING</id>
		<text>Migrate to Azure Caching</text>
		<description> </description>
		<category>PERFORMANCE</category>
		<complexity>UNKNOWN</complexity>
	</MigrationStrategy>
	
	
	
	<!-- ###########################################  REALTIME MESSAGING ####################################### -->	
	<MigrationStrategy>
		<id>CHANNEL</id>
		<text>Migrate to Channel</text>
		<description> </description>
		<category>REALTIMEMSG</category>
		<complexity>UNKNOWN</complexity>
	</MigrationStrategy>
	
</MigrationStrategies>